{
  "dashboardAuthorizations": {
    "allAuthorized": false,
    "authorizations": [
      {
        "objectRef": {
          "objectId": "row_count_swapped",
          "objectType": "DATASET"
        },
        "modes": [
          "READ"
        ]
      },
      {
        "objectRef": {
          "objectId": "row_count",
          "objectType": "DATASET"
        },
        "modes": [
          "READ"
        ]
      }
    ]
  },
  "exposedObjects": {
    "objects": []
  },
  "projectType": "REGULAR",
  "projectAppType": "APP_TEMPLATE",
  "hasSetupSection": false,
  "bundleContainerSettings": {
    "remapping": {
      "connections": [],
      "codeEnvs": []
    },
    "codeEnvsBehavior": {
      "envImportSpecificationMode": "SPECIFIED",
      "importTimeMode": "INSTALL_IF_MISS"
    }
  },
  "owner": "admin",
  "permissionsVersion": "V2",
  "permissions": [],
  "additionalDashboardUsers": {
    "users": []
  },
  "tutorialProject": false,
  "settings": {
    "flowAnchorSourcesAndSinks": true,
    "flowDisplaySettings": {
      "zonesGraphRenderingAlgorithm": "DOT_OLDRANK",
      "zonesGraphConnectZones": true,
      "zonesGraphForJobs": true
    },
    "gitCommitMode": "AUTO",
    "disableAutomaticTriggers": false,
    "integrations": {
      "integrations": []
    },
    "flowBuildSettings": {
      "mergeSparkPipelines": false,
      "pruneBeforeSparkPipelines": true,
      "mergeSqlPipelines": false,
      "pruneBeforeSqlPipelines": true
    },
    "sharingRequestsEnabled": "INHERIT",
    "limitedVisibilityEnabled": "INHERIT",
    "accessRequestsEnabled": "INHERIT",
    "limitsSettings": {
      "memSampleBytes": {
        "soft": -1,
        "hard": -1
      },
      "shakerMemTableBytes": {
        "soft": -1,
        "hard": -1
      },
      "attachmentBytes": {
        "soft": -1,
        "hard": -1
      }
    },
    "relocationSettings": {
      "sqlLikeRecipesInitializationMode": "RESOLVED_TABLE_REFERENCES"
    },
    "recipeEnginesPreferences": {
      "forbiddenEngines": [],
      "enginesPreferenceOrder": [],
      "forbiddenByRecipeType": {},
      "preferenceByRecipeType": {}
    },
    "codeEnvs": {
      "python": {
        "mode": "INHERIT",
        "preventOverride": false
      },
      "r": {
        "mode": "INHERIT",
        "preventOverride": false
      },
      "julia": {
        "mode": "INHERIT",
        "preventOverride": false
      }
    },
    "container": {
      "containerMode": "INHERIT"
    },
    "datasetsCreationSettings": {
      "useGlobal": true,
      "preferedStorageFormats": "CSV_ESCAPING_NOGZIP_FORHIVE,CSV_EXCEL_GZIP,PARQUET_HIVE",
      "virtualizable": false,
      "allowUploadsWithoutConnection": true
    },
    "hiveEngineCreationSettings": {
      "useGlobal": true,
      "executionEngine": "HIVECLI_LOCAL"
    },
    "sparkEngineCreationSettings": {
      "useGlobal": true,
      "executionEngine": "SPARK_SUBMIT",
      "useGlobalMetastore": false
    },
    "impalaEngineCreationSettings": {
      "useGlobal": true,
      "streamMode": true
    },
    "wikiSettings": {
      "promoted": false
    },
    "cluster": {
      "clusterMode": "INHERIT"
    },
    "k8sCluster": {
      "clusterMode": "INHERIT"
    },
    "virtualWebAppBackendSettings": {
      "mode": "INHERIT",
      "preventOverride": false,
      "infra": {
        "containerSelection": {
          "containerMode": "INHERIT"
        },
        "overrideGlobalK8sExposition": false,
        "exposition": {
          "type": "local_process",
          "params": {}
        },
        "scaling": {
          "initialReplicas": 1,
          "progressDeadlineSeconds": 600,
          "hpa": false,
          "hpaTargetCPUPercent": 0,
          "hpaMetrics": [],
          "hpaMinPods": 0,
          "hpaMaxPods": 0,
          "hpaAnnotations": []
        },
        "deploymentModifier": {
          "config": {}
        }
      }
    },
    "dkuProperties": []
  },
  "name": "Row count - Inner, Left/Right Unmatched",
  "imgPattern": 2,
  "metrics": {
    "probes": [],
    "engineConfig": {
      "padRunsWithMetrics": false,
      "hive": {
        "active": true,
        "extraConf": []
      },
      "basic": {},
      "dss": {
        "active": true,
        "selection": {
          "useMemTable": false,
          "filter": {
            "distinct": false,
            "enabled": false
          },
          "partitionSelectionMethod": "ALL",
          "latestPartitionsN": 1,
          "ordering": {
            "enabled": false,
            "rules": []
          },
          "samplingMethod": "FULL",
          "maxRecords": -1,
          "targetRatio": 0.02,
          "ascending": true,
          "withinFirstN": -1,
          "maxReadUncompressedBytes": -1
        }
      },
      "sql": {
        "active": true
      },
      "impala": {
        "active": true
      },
      "spark": {
        "active": true,
        "extraConf": []
      },
      "python": {}
    },
    "displayedState": {
      "columns": [],
      "metrics": []
    }
  },
  "metricsChecks": {
    "runOnBuild": false,
    "checks": [],
    "displayedState": {
      "checks": []
    }
  },
  "versionTag": {
    "versionNumber": 39,
    "lastModifiedBy": {
      "login": "admin"
    },
    "lastModifiedOn": 1702061431367,
    "extendedProperties": {}
  },
  "creationTag": {
    "versionNumber": 0,
    "lastModifiedBy": {
      "login": "andy.holst"
    },
    "lastModifiedOn": 1689097184184,
    "extendedProperties": {}
  },
  "description": "This Application-as-a-Recipe will provide row counts for the Inner Join Recipe, with \"Send unmatched rows to other output dataset(s)\" selected.\n\nIt inputs three datasets:\n    \n     - Inner Join\n     - Left Unmatched\n     - Right Unmatched\nAnd outputs a single table that provides the row counts for each table.",
  "shortDesc": "The project *Row count - Inner, Left/Right Unmatched* was created by Andy Holst on Jul 11th 2023\n\nThis Application-as-a-Recipe will provide row counts for the Inner Join Recipe, with \"Send unmatched rows to other output dataset(s)\" selected.\n\nIt inputs three datasets:\n    \n    - Inner Join\n    - Left Unmatched\n    - Right Unmatched\n\nAnd outputs a single table that provides the row counts for each table.",
  "tags": [
    "imported"
  ],
  "customFields": {},
  "checklists": {
    "checklists": []
  }
}