{
  "pages": [
    {
      "id": "5MnEHnW",
      "grid": {
        "tiles": [
          {
            "tileType": "INSIGHT",
            "box": {
              "top": 0,
              "left": 0,
              "width": 6,
              "height": 3
            },
            "clickAction": "OPEN_INSIGHT",
            "tileParams": {
              "viewKind": "EXPLORE",
              "showName": true,
              "showDescription": true,
              "showCustomFields": true,
              "showStorageType": false,
              "showMeaning": false,
              "showProgressBar": false
            },
            "autoLoad": true,
            "showTitle": "YES",
            "insightId": "TjhTcNn",
            "insightType": "dataset_table",
            "displayMode": "INSIGHT",
            "resizeImageMode": "FIT_SIZE"
          }
        ]
      },
      "title": "Results",
      "showTitle": false
    }
  ],
  "owner": "andy.holst",
  "listed": true,
  "name": "Row count - Inner, Left/Right Unmatched\u0027s default dashboard",
  "showGrid": true,
  "versionTag": {
    "versionNumber": 1,
    "lastModifiedBy": {
      "login": "andy.holst"
    },
    "lastModifiedOn": 1689099686964,
    "extendedProperties": {}
  },
  "creationTag": {
    "versionNumber": 0,
    "lastModifiedBy": {
      "login": "andy.holst"
    },
    "lastModifiedOn": 1689097184186,
    "extendedProperties": {}
  },
  "tags": [],
  "customFields": {},
  "checklists": {
    "checklists": []
  }
}