{
  "type": "join",
  "neverRecomputeExistingPartitions": false,
  "optionalDependencies": false,
  "customMeta": {
    "kv": {}
  },
  "redispatchPartitioning": false,
  "maxRunningActivities": 0,
  "variables": {},
  "dkuProperties": [],
  "inputs": {
    "main": {
      "items": [
        {
          "ref": "transactions_low",
          "deps": []
        },
        {
          "ref": "transactions_high",
          "deps": []
        }
      ]
    }
  },
  "outputs": {
    "main": {
      "items": [
        {
          "ref": "inner_results",
          "appendMode": false
        }
      ]
    },
    "unmatchedLeft": {
      "items": [
        {
          "ref": "left_unmatched_result",
          "appendMode": false
        }
      ]
    },
    "unmatchedRight": {
      "items": [
        {
          "ref": "right_unmatched_result",
          "appendMode": false
        }
      ]
    }
  },
  "labels": [],
  "versionTag": {
    "versionNumber": 6,
    "lastModifiedBy": {
      "login": "andy.holst"
    },
    "lastModifiedOn": 1689118265635,
    "extendedProperties": {}
  },
  "creationTag": {
    "versionNumber": 0,
    "lastModifiedBy": {
      "login": "andy.holst"
    },
    "lastModifiedOn": 1689117167095,
    "extendedProperties": {}
  },
  "tags": [],
  "customFields": {},
  "checklists": {
    "checklists": []
  }
}