{
  "type": "step_based",
  "name": "Run recipe",
  "active": false,
  "runAsUser": "admin",
  "creationTag": {
    "versionNumber": 3,
    "lastModifiedBy": {
      "login": "andy.holst"
    },
    "lastModifiedOn": 1689119569765,
    "extendedProperties": {}
  },
  "versionTag": {
    "versionNumber": 3,
    "lastModifiedBy": {
      "login": "andy.holst"
    },
    "lastModifiedOn": 1689119569765,
    "extendedProperties": {}
  },
  "checklists": {
    "checklists": []
  },
  "delayedTriggersBehavior": {
    "delayWhileRunning": true,
    "squashDelayedTriggers": true,
    "suppressTriggersWhileRunning": true
  },
  "tags": [],
  "triggers": [],
  "reporters": [],
  "params": {
    "steps": [
      {
        "id": "build_0_true_d_row_count",
        "type": "build_flowitem",
        "name": "Step #1",
        "runConditionType": "RUN_IF_STATUS_MATCH",
        "runConditionStatuses": [
          "SUCCESS",
          "WARNING"
        ],
        "runConditionExpression": "",
        "resetScenarioStatus": false,
        "delayBetweenRetries": 10,
        "maxRetriesOnFail": 0,
        "params": {
          "builds": [
            {
              "type": "DATASET",
              "itemId": "row_count",
              "partitionsSpec": ""
            }
          ],
          "jobType": "RECURSIVE_BUILD",
          "autoUpdateSchemaBeforeEachRecipeRun": false,
          "stopAtFlowZoneBoundary": false,
          "refreshHiveMetastore": true,
          "handleWarningsAs": "WARNING",
          "proceedOnFailure": false
        }
      }
    ]
  },
  "automationLocal": false,
  "customFields": {}
}